{
  "project_info": {
    "project_number": "1030918840491",
    "firebase_url": "https://tapas-7e377.firebaseio.com",
    "project_id": "tapas-7e377",
    "storage_bucket": "tapas-7e377.appspot.com"
  },
  "client": [
    {
      "client_info": {
        "mobilesdk_app_id": "1:1030918840491:android:7bfee65c90ac6c3e",
        "android_client_info": {
          "package_name": "com.ibad.tapas3"
        }
      },
      "oauth_client": [
        {
          "client_id": "1030918840491-mevge3frq78nl9qtsjd621344ddqm121.apps.googleusercontent.com",
          "client_type": 3
        }
      ],
      "api_key": [
        {
          "current_key": "AIzaSyDWENMQh2yba85sRHm3vXSUIV2PDCKjTqM"
        }
      ],
      "services": {
        "analytics_service": {
          "status": 1
        },
        "appinvite_service": {
          "status": 1,
          "other_platform_oauth_client": []
        },
        "ads_service": {
          "status": 2
        }
      }
    }
  ],
  "configuration_version": "1"
}